id,identifier,max_recorded_devices,min_recorded_devices,wifi_access_location_id
1,tue-alb27-flur-1142,0,0,103
3,tue-alb27-Halle-1131,0,0,103
4,tue-alb27-KraftFitHalle-1131,0,0,103
5,tue-am10-E1-rP24-1142,0,0,104
6,tue-am10-E1-rP24-1852,1,1,104
7,tue-am10-E2-Flur1-1852,0,0,104
8,tue-am10-E2-Flur3-1852,0,0,104
9,tue-am10-E2-Flur4-1852,0,0,104
10,tue-am10-E2-r2A17-1852,0,0,104
11,tue-am10-E2-r2H33-1852,0,0,104
12,tue-am10-E3-Flur1-1852,0,0,104
13,tue-am10-E3-Flur2-1852,0,0,104
14,tue-am10-E3-Flur3-1852,0,0,104
15,tue-am10-E3-Flur4-1852,0,0,104
16,tue-am10-E3-Flur5-1852,0,0,104
17,tue-am10-E3-r3A35-1-1852,0,0,104
18,tue-am10-E3-r3A35-2-1852,0,0,104
19,tue-am10-E3-r3N35-1852,2,2,104
20,tue-am10-E4-Bibliothek1-1852,0,0,104
21,tue-am10-E4-Bibliothek2-1852,0,0,104
22,tue-am10-E4-Bibliothek3-1852,0,0,104
23,tue-am10-E4-Bibliothek4-1852,0,0,104
24,tue-am10-E4-Bibliothek5-1852,3,3,104
25,tue-am10-E4-Flur1-1852,0,0,104
26,tue-am10-E4-Flur2-1852,1,1,104
27,tue-am10-E4-r4D25-1852,0,0,104
28,tue-am10-E4-r4H33-1852,0,0,104
29,tue-am10-E4-r4H43-1852,0,0,104
30,tue-am10-E5-Flur1-1852,0,0,104
31,tue-am10-E5-Flur2-1852,0,0,104
32,tue-am10-E5-Flur3-1852,0,0,104
33,tue-am10-E5-Flur4-1852,0,0,104
34,tue-am10-E5-Flur5-1852,0,0,104
35,tue-am10-E5-Flur6-1852,0,0,104
36,tue-am10-E5-r5H05-1852,0,0,104
37,tue-am10-E5-r5H10-1852,0,0,104
38,tue-am10-E5-r5H41-1852,0,0,104
39,tue-am10-E6-6H05-1852,1,1,104
40,tue-am10-E6-Flur1-1852,0,0,104
41,tue-am10-E6-Flur2-1852,0,0,104
42,tue-am10-E6-Flur3-1852,0,0,104
43,tue-am10-E6-Flur4-1852,1,1,104
44,tue-am10-E6-Flur5-1852,0,0,104
45,tue-am10-E6-Flur6-1852,0,0,104
46,tue-am10-E6-r6H10-1852,0,0,104
47,tue-am10-E6-r6H41-1852,0,0,104
48,tue-am10-E7-Flur1-1852,1,1,104
49,tue-am10-E7-Flur2-1852,0,0,104
50,tue-am10-E7-Flur3-1852,1,1,104
51,tue-am10-E7-Flur4-1852,1,1,104
52,tue-am10-E7-Flur5-1852,0,0,104
53,tue-am10-E7-Flur6-1852,0,0,104
54,tue-am10-E8-Flur1-1852,0,0,104
55,tue-am10-E8-Flur2-1852,0,0,104
56,tue-am10-E8-Flur3-1852,0,0,104
57,tue-am10-E8-Flur4-1852,0,0,104
58,tue-am10-E8-Flur5-1852,0,0,104
59,tue-am10-E8-r8N38-1852,0,0,104
60,tue-am10-E9-Flur1-1852,0,0,104
61,tue-am10-E9-Flur2-1852,0,0,104
62,tue-am10-E9-Flur3-1852,0,0,104
63,tue-am10-E9-Flur4-1852,0,0,104
64,tue-am10-E9-Flur5-1852,0,0,104
65,tue-am10-E9-r9A03-1852,0,0,104
66,tue-am10-E9-r9G09-1852,0,0,104
67,tue-am10-Eb10-vorA23-2702,0,0,104
68,tue-am10-Eb10-vorA38-2702,0,0,104
69,tue-am10-Eb10-vorH08-2702,1,1,104
70,tue-am10-Eb10-vorH13-2702,0,0,104
71,tue-am10-Eb10-vorP25-2702,0,0,104
72,tue-am10-Eb10-vorQ40-2702,0,0,104
73,tue-am12-E1-rAC58-1142,0,0,105
74,tue-am12-E1-rAC58-1852,0,0,105
75,tue-am12-E1-rD40-1852,1,1,105
76,tue-am12-E2-rO18-1142,0,0,105
77,tue-am12-E2-rS30-1852,2,2,105
78,tue-am12-EG-rD40-1142,0,0,105
79,tue-am14-E2-Flur1-1852,0,0,106
80,tue-am14-E2-Flur2-1852,0,0,106
81,tue-am14-E2-Flur3-1852,0,0,106
82,tue-am14-E2-r2A32-1852,0,0,106
83,tue-am14-E2-rA02-1852,0,0,106
84,tue-am14-E2-rA20-1852,1,1,106
85,tue-am14-E3-Eingangshalle-1852,0,0,106
86,tue-am14-E3-Flur1-1852,0,0,106
87,tue-am14-E3-Flur3-1852,0,0,106
88,tue-am14-E3-r3A07-1852,0,0,106
89,tue-am14-E3-r3A19-1852,1,1,106
90,tue-am14-E3-r3A32-1852,0,0,106
91,tue-am14-E4-Flur1-1852,0,0,106
92,tue-am14-E4-Flur2-1852,0,0,106
93,tue-am14-E4-Flur3-1852,0,0,106
94,tue-am14-E4-Flur4-1852,0,0,106
95,tue-am14-E4-Flur5-1852,0,0,106
96,tue-am14-E4-r4A19-1852,0,0,106
97,tue-am14-E5-Flur2-1852,0,0,106
98,tue-am14-E5-Flur3-1852,0,0,106
99,tue-am14-E5-Flur4-1852,0,0,106
100,tue-am14-E5-Flur5-1852,1,1,106
101,tue-am14-E5-r5A40-1852,0,0,106
102,tue-am14-E6-Flur2-1852,1,1,106
103,tue-am14-E6-Flur3-1852,0,0,106
104,tue-am14-E6-Flur4-1852,0,0,106
105,tue-am14-E6-Flur5-1852,0,0,106
106,tue-am14-E6-r6A40-1852,0,0,106
107,tue-am14-E6-r6P03-1852,1,1,106
108,tue-am14-E7-Flur1-1852,0,0,106
109,tue-am14-E7-Flur2-1852,0,0,106
110,tue-am14-E7-Flur3-1852,0,0,106
111,tue-am14-E7-Flur4-1852,0,0,106
112,tue-am14-E7-Flur5-1852,0,0,106
113,tue-am14-E7-Flur6-1852,0,0,106
114,tue-am14-E8-Flur1-1852,0,0,106
115,tue-am14-E8-Flur2-1852,0,0,106
116,tue-am14-E8-Flur3-1852,0,0,106
117,tue-am14-E8-Flur4-1852,0,0,106
118,tue-am14-E8-Flur5-1852,0,0,106
119,tue-am14-E8-Flur6-1852,0,0,106
120,tue-am15-1Ebene-r1001-1142,2,2,107
121,tue-am15-1Ebene-r1010-1142,1,1,107
122,tue-am15-1Ebene-r1017-1142,0,0,107
123,tue-am15-1Ebene-r1020-1142,2,2,107
124,tue-am15-1Ebene-r1027-1142,2,2,107
125,tue-am15-1Ebene-r1033-1142,0,0,107
126,tue-am15-1Ebene-r1034-1142,0,0,107
127,tue-am15-2Ebene-r2001-1142,0,0,107
128,tue-am15-2Ebene-r2004-1142,0,0,107
129,tue-am15-2Ebene-r2006-1142,1,1,107
130,tue-am15-2Ebene-r2009-1142,0,0,107
131,tue-am15-2Ebene-r2013-1142,0,0,107
132,tue-am15-2Ebene-r2019-1142,2,2,107
133,tue-am15-2Ebene-r2021-1142,1,1,107
134,tue-am15-2Ebene-r2028-1142,0,0,107
135,tue-am15-2Ebene-r2033-1142,0,0,107
136,tue-am15-2Ebene-r2034-1142,1,1,107
137,tue-am15-3Ebene-r3001-1142,0,0,107
138,tue-am15-3Ebene-r3008-1142,0,0,107
139,tue-am15-3Ebene-r3013-1142,0,0,107
140,tue-am15-3Ebene-r3017-1142,0,0,107
141,tue-am15-3Ebene-r3019-1142,0,0,107
142,tue-am15-3Ebene-r3021-1142,0,0,107
143,tue-am15-3Ebene-r3028-1142,0,0,107
144,tue-am16-EG-Cafeteria-2802,0,0,108
145,tue-am16-EG-chemBib1-2802,0,0,108
146,tue-am16-EG-chemBib2-2802,0,0,108
147,tue-am16-EG-Gruppenraum-2802,1,1,108
148,tue-am16-EG-kl-Arbeitsraum-2802,1,1,108
149,tue-am16-EG-rE02-2802,0,0,108
150,tue-am16-EG-rE03-2802,3,3,108
151,tue-am16-EG-rE06-2702,0,0,108
152,tue-am16-EG-UB1-2802,0,0,108
153,tue-am16-EG-UB2-2802,0,0,108
154,tue-am16-Eingang-Nord-2802,1,1,108
155,tue-am16-Flurvor-BibNWI-2802,0,0,108
156,tue-am16-FlurvorN2-Ost-2802,1,1,108
157,tue-am16-FlurvorN2-Sued-2802,0,0,108
158,tue-am16-FlurvorN3-2802,0,0,108
159,tue-am16-Foyer-Eingang-2802,0,0,108
160,tue-am16-Foyer-Eingang-Pfeiler-2802,0,0,108
161,tue-am16-Foyer-unten-2802,0,0,108
162,tue-am16-HoersaalN1-2802,0,0,108
163,tue-am16-HoersaalN1-Pult-2802,0,0,108
164,tue-am16-HoersaalN2-oben-2802,0,0,108
165,tue-am16-HoersaalN2-unten-2802,0,0,108
166,tue-am16-HoersaalN3-2802,0,0,108
167,tue-am16-HoersaalN4-2802,0,0,108
168,tue-am16-HoersaalN5-oben-2802,0,0,108
169,tue-am16-HoersaalN6-oben-2802,1,1,108
170,tue-am16-HoersaalN6-unten-2802,0,0,108
171,tue-am16-HoersaalN7-oben-2802,0,0,108
172,tue-am16-HoersaalN7-unten-2802,0,0,108
173,tue-am16-UG-chemBib-2802,0,0,108
174,tue-am16-UG-UB-2802,0,0,108
175,tue-am16-vorN5-oben-2802,0,0,108
176,tue-am16-vorN7li-2802,0,0,108
177,tue-am16-vorN7re-2802,0,0,108
178,tue-am16-vorN8-2802,0,0,108
179,tue-am16-vorN9-2802,0,0,108
180,tue-am18-10Ebene-Flur1-1142,0,0,109
181,tue-am18-10Ebene-Flur2-1142,0,0,109
182,tue-am18-11Ebene-Flur1-1142,0,0,109
183,tue-am18-11Ebene-Flur2-1142,0,0,109
184,tue-am18-12Ebene-Flur1-1142,0,0,109
185,tue-am18-12Ebene-Flur2-1142,0,0,109
186,tue-am18-12Ebene-FlurSued-1142,0,0,109
187,tue-am18-12Ebene-FlurSued2-1142,1,1,109
188,tue-am18-13Ebene-Flur1-1142,0,0,109
189,tue-am18-2Ebene-Flur1-1142,0,0,109
190,tue-am18-2Ebene-Flur2-1142,0,0,109
191,tue-am18-3Ebene-Flur1-1142,0,0,109
192,tue-am18-3Ebene-r3E01-Flur-1142,0,0,109
193,tue-am18-3Ebene-rA22-1142,0,0,109
194,tue-am18-3Ebene-rM04-1142,0,0,109
195,tue-am18-3Ebene-rO15-1142,0,0,109
196,tue-am18-4Ebene-Flur1-1142,0,0,109
197,tue-am18-4Ebene-Flur2-1142,1,1,109
198,tue-am18-5Ebene-Flur1-1142,0,0,109
199,tue-am18-5Ebene-Flur2-1142,0,0,109
200,tue-am18-6Ebene-Flur1-1142,16,16,109
201,tue-am18-6Ebene-Flur2-1142,0,0,109
202,tue-am18-6Ebene-rG07-1142,1,1,109
203,tue-am18-7Ebene-Flur1-1142,0,0,109
204,tue-am18-7Ebene-Flur2-1142,0,0,109
205,tue-am18-8Ebene-Flur1-1142,0,0,109
206,tue-am18-8Ebene-Flur2-1142,1,1,109
207,tue-am18-9Ebene-Flur1-1142,0,0,109
208,tue-am18-9Ebene-vor-G04-1142,0,0,109
209,tue-am24-2OG-Flur-1142,0,0,110
210,tue-am24-3OG-r3R01-1142,0,0,110
211,tue-am24-3OG-rN01-1142,0,0,110
212,tue-am24-3OG-rR08-1131,0,0,110
213,tue-am24-4OG-Biblio2-1131,0,0,110
214,tue-am24-4OG-rF21-1131,0,0,110
215,tue-am24-4OG-rP18-1131,0,0,110
216,tue-am26-E2-Cafeteria1-2702,0,0,111
217,tue-am26-E2-Cafeteria2-2702,0,0,111
218,tue-am26-E2-Cafeteria3-2702,0,0,111
219,tue-am26-E2-Cafeteria4-2702,0,0,111
220,tue-am26-E2-CPl-1562,1,1,111
221,tue-am26-E2-CPr-1562,0,0,111
222,tue-am26-E2-Foyer1-2702,0,0,111
223,tue-am26-E2-Foyer2-2702,0,0,111
224,tue-am26-E2-Foyer3-2702,0,0,111
225,tue-am26-E2-Foyer4-2702,0,0,111
226,tue-am26-E2-Foyer5-2702,0,0,111
227,tue-am26-E2-Foyer6-2702,0,0,111
228,tue-am26-E3-Mensa1-2702,1,1,111
229,tue-am26-E3-Mensa2-2702,0,0,111
230,tue-am26-E3-Mensa3-2702,0,0,111
231,tue-am26-E3-Mensa4-2702,0,0,111
232,tue-am26-E3-Mensa5-2702,0,0,111
233,tue-am26-E3-Mensa6-2702,0,0,111
234,tue-am26-E3-Mensa7-2702,0,0,111
235,tue-am26-E3-Mensa8-2702,0,0,111
236,tue-am28-2OG-rP21-1131,0,0,112
237,tue-am28-3OG-A07-1131,0,0,112
238,tue-am28-3OG-rA16-1131,0,0,112
239,tue-am28-3OG-rP32-1131,0,0,112
240,tue-am28-4OG-rH40-1131,0,0,112
241,tue-am28-E10-r10A03-1852,0,0,112
242,tue-am28-E10-r10A11-1852,1,1,112
243,tue-am28-E10-r10A28-1852,0,0,112
244,tue-am28-E10-r10N03-1-1852,0,0,112
245,tue-am28-E10-r10N03-2-1852,0,0,112
246,tue-am28-E10-r10N31-1852,1,1,112
247,tue-am28-E2-r2P21-1852,0,0,112
248,tue-am28-E3-r3A07-1852,0,0,112
249,tue-am28-E3-r3A16-1852,1,1,112
250,tue-am28-E3-r3F31-Flur-1852,2,2,112
251,tue-am28-E3-r3H07-1852,0,0,112
252,tue-am28-E3-r3P32-1852,0,0,112
253,tue-am28-E4-r4H40-1852,0,0,112
254,tue-am28-E5-r5A20-1852,0,0,112
255,tue-am28-E5-r5E32-1852,0,0,112
256,tue-am28-E5-r5F03-Flur-1852,0,0,112
257,tue-am28-E5-r5F28-Flur-1852,0,0,112
258,tue-am28-E5-r5N07-Flur-1852,0,0,112
259,tue-am28-E5-r5P22-1852,0,0,112
260,tue-am28-E5-r5P37-1852,0,0,112
261,tue-am28-E7-Flur1-1852,0,0,112
262,tue-am28-E7-Flur2-1852,1,1,112
263,tue-am28-E7-Flur3-1852,0,0,112
264,tue-am28-E7-Flur4-1852,0,0,112
265,tue-am28-E7-Flur5-1852,0,0,112
266,tue-am28-E7-r7A23-1852,0,0,112
267,tue-am28-E8-Flur1-1852,1,1,112
268,tue-am28-E8-Flur2-1852,0,0,112
269,tue-am28-E8-Flur3-1852,0,0,112
270,tue-am28-E8-r8A03-1852,0,0,112
271,tue-am28-E8-r8A12-1852,0,0,112
272,tue-am28-E8-r8A31-1852,0,0,112
273,tue-am28-E9-Flur1-1852,0,0,112
274,tue-am28-E9-Flur2-1852,1,1,112
275,tue-am28-E9-Flur3-1852,0,0,112
276,tue-am28-E9-Flur4-1852,0,0,112
277,tue-am28-E9-r9A28-1852,0,0,112
278,tue-am3-EG-Foyer-1131,0,0,113
279,tue-am3-EG-rN10-Kabine-1131,0,0,113
280,tue-am3-EG-rN10-Tisch-1131,0,0,113
281,tue-am3-EG-rN10-vorne-2702,0,0,113
282,tue-am3-r168-1131,0,0,113
283,tue-am32-E1-rF19-2702,0,0,114
284,tue-am32-E1-rL21-2702,0,0,114
285,tue-am32-E2-r2B21-2702,0,0,114
286,tue-am32-E2-rL21-1-2702,0,0,114
287,tue-am32-E2-rL21-2-2702,0,0,114
288,tue-am32-E2-rW19-2702,0,0,114
289,tue-am32-E3-r3D21-2702,0,0,114
290,tue-am32-E3-r3L21-1-2702,0,0,114
291,tue-am32-E3-r3L21-2-2702,0,0,114
292,tue-am32-E3-r3R03-1-2702,0,0,114
293,tue-am32-E3-r3R03-2-2702,0,0,114
294,tue-am32-E3-r3R03-3-2702,0,0,114
295,tue-am32-E3-r3R03-4-2702,0,0,114
296,tue-am32-E3-rC04-2702,0,0,114
297,tue-am32-E3-rC10-2702,0,0,114
298,tue-am32-E3-rF10-2702,0,0,114
299,tue-am32-E3-rF13-2702,0,0,114
300,tue-am32-E3-rU11-1-2702,0,0,114
301,tue-am32-E3-rU11-2-2702,0,0,114
302,tue-am32-E3-rW08-2702,0,0,114
303,tue-am32-E4-r4D21-2702,0,0,114
304,tue-am32-E4-r4L21-1-2702,1,1,114
305,tue-am32-E4-r4L21-2-2702,0,0,114
306,tue-am32-E4-r4W08-1-2702,0,0,114
307,tue-am32-E4-r4W08-2-2702,0,0,114
308,tue-am32-E4-rC04-1-2702,0,0,114
309,tue-am32-E4-rC04-2-2702,0,0,114
310,tue-am32-E4-rC13-2702,1,1,114
311,tue-am32-E4-rF10-2702,0,0,114
312,tue-am32-E5-r5D21-2702,0,0,114
313,tue-am32-E5-r5L21-1-2702,0,0,114
314,tue-am32-E5-r5L21-2-2702,0,0,114
315,tue-am32-E5-r5W08-1-2702,0,0,114
316,tue-am32-E5-r5W08-2-2702,0,0,114
317,tue-am32-E5-rC04-1-2702,0,0,114
318,tue-am32-E5-rC04-2-2702,0,0,114
319,tue-am32-E5-rC13-2702,0,0,114
320,tue-am32-E5-rF10-2702,0,0,114
321,tue-am32-E6-rC04-2702,2,2,114
322,tue-am32-E6-rC10-2702,0,0,114
323,tue-am32-E6-rC13-1-2702,0,0,114
324,tue-am32-E6-rC13-2-2702,0,0,114
325,tue-am32-E6-rD21-2702,0,0,114
326,tue-am32-E6-rL03-1-2702,1,1,114
327,tue-am32-E6-rL03-2-2702,0,0,114
328,tue-am32-E6-rL21-1-2702,0,0,114
329,tue-am32-E6-rL21-2-2702,0,0,114
330,tue-am32-E6-rW04-1-2702,0,0,114
331,tue-am32-E6-rW04-2-2702,0,0,114
662,tue-am34-E1-r1C26-2702,0,0,115
663,tue-am34-E1-r1C33-2702,0,0,115
664,tue-am34-E1-r1F31-1-2702,0,0,115
665,tue-am34-E1-r1F31-2-2702,0,0,115
666,tue-am34-E1-r1I24-1-2702,0,0,115
667,tue-am34-E1-r1I24-2-2702,0,0,115
668,tue-am34-E1-r1K33-1-2702,0,0,115
669,tue-am34-E1-r1K33-2-2702,0,0,115
670,tue-am34-E1-r1L26-2702,0,0,115
671,tue-am34-E1-r1U29-2702,0,0,115
672,tue-am34-E2-r2C26-1-2702,0,0,115
673,tue-am34-E2-r2C26-2-2702,0,0,115
674,tue-am34-E2-r2C34-2702,0,0,115
675,tue-am34-E2-r2F42-2702,0,0,115
676,tue-am34-E2-r2I34-1-2702,0,0,115
677,tue-am34-E2-r2I34-2-2702,0,0,115
678,tue-am34-E2-r2T26-1-2702,0,0,115
679,tue-am34-E2-r2T26-2-2702,0,0,115
680,tue-am34-E2-r2W26-1-2702,0,0,115
681,tue-am34-E2-r2W26-2-2702,0,0,115
682,tue-am34-E3-3F42-2702,0,0,115
683,tue-am34-E3-3T37-2702,0,0,115
684,tue-am34-E3-r3C24-2702,0,0,115
685,tue-am34-E3-r3C26-2702,1,1,115
686,tue-am34-E3-r3C34-2702,0,0,115
687,tue-am34-E3-r3H36-1-2702,1,1,115
688,tue-am34-E3-r3H36-2-2702,0,0,115
689,tue-am34-E3-r3H36-3-2702,0,0,115
690,tue-am34-E4-Outdoor1-1562,0,0,115
691,tue-am34-E4-Outdoor2-1562,0,0,115
692,tue-am34-E4-r4C24-2702,0,0,115
693,tue-am34-E4-r4C26-2702,0,0,115
694,tue-am34-E4-r4C34-2702,0,0,115
695,tue-am34-E4-r4F42-2702,0,0,115
696,tue-am34-E4-r4H36-1-2702,2,2,115
697,tue-am34-E4-r4H36-2-2702,0,0,115
698,tue-am34-E4-r4S34-2702,0,0,115
699,tue-am34-E4-r4W26-2702,0,0,115
700,tue-am34-E4-r4X34-2702,0,0,115
701,tue-am34-E4-r4X38-1-2702,0,0,115
702,tue-am34-E4-r4X38-2-2702,0,0,115
703,tue-am34-E5-r5C24-2702,0,0,115
704,tue-am34-E5-r5C26-2702,0,0,115
705,tue-am34-E5-r5C34-2702,0,0,115
706,tue-am34-E5-r5F42-1-2702,0,0,115
707,tue-am34-E5-r5F42-2-2702,0,0,115
708,tue-am34-E5-r5H36-1-2702,0,0,115
709,tue-am34-E5-r5H36-2-2702,0,0,115
710,tue-am34-E5-r5S34-2702,0,0,115
711,tue-am34-E5-r5W26-2702,0,0,115
712,tue-am34-E5-r5X26-2702,0,0,115
713,tue-am34-E5-r5X30-1-2702,0,0,115
714,tue-am34-E5-r5X30-2-2702,0,0,115
715,tue-am34-E5-r5X34-2702,0,0,115
716,tue-am34-E5-r5X38-2702,0,0,115
717,tue-am34-E6-r6C24-2702,0,0,115
718,tue-am34-E6-r6C26-2702,1,1,115
719,tue-am34-E6-r6C34-2702,0,0,115
720,tue-am34-E6-r6F36-2702,0,0,115
721,tue-am34-E6-r6F42-1-2702,0,0,115
722,tue-am34-E6-r6F42-2-2702,0,0,115
723,tue-am34-E6-r6O36-2702,0,0,115
724,tue-am34-E6-r6S34-2-2702,0,0,115
725,tue-am34-E6-r6S34-2702,0,0,115
726,tue-am34-E6-r6W226-2702,0,0,115
727,tue-am34-E6-r6W26-2-2702,0,0,115
728,tue-am34-E6-r7C35-2-2702,0,0,115
729,tue-am34-E6-r7C35-2702,0,0,115
730,tue-am6-E2-r2C14-2702,0,0,116
731,tue-am6-E3-r3Q14-2702,0,0,116
732,tue-am6-E4-r4Q14-2702,0,0,116
733,tue-br21-EG-Hintereingang-2702,0,0,117
734,tue-br21-EG-Lesesaal3-2702,0,0,117
735,tue-br21-OG-Lesesaal1-2702,0,0,117
736,tue-br21-OG-rW104-2702,0,0,117
737,tue-br25-3E-hintenrechts-2702,0,0,118
738,tue-br25-3E-links-2702,0,0,118
739,tue-br25-3E-mitte-2702,4,4,118
740,tue-br25-3E-r122-2702,0,0,118
741,tue-br25-3E-r128-2702,0,0,118
742,tue-br25-3E-r130-2702,0,0,118
743,tue-br25-3E-rechts-2702,0,0,118
744,tue-br25-4E-hintenlinks-2702,0,0,118
745,tue-br25-4E-hintenmitte-2702,0,0,118
746,tue-br25-4E-hintenrechts-2702,0,0,118
747,tue-br25-4E-links-2702,0,0,118
748,tue-br25-4E-mitte-2702,0,0,118
749,tue-br25-4E-r218-2702,0,0,118
750,tue-br25-4E-r224-2702,0,0,118
751,tue-br25-4E-rechts-2702,0,0,118
752,tue-br25-5E-hintenlinks-2702,0,0,118
753,tue-br25-5E-hintenmitte-2702,0,0,118
754,tue-br25-5E-hintenrechts-2702,0,0,118
755,tue-br25-5E-links-2702,0,0,118
756,tue-br25-5E-mitte-2702,0,0,118
757,tue-br25-5E-r317-2702,0,0,118
758,tue-br25-5E-r324-2702,0,0,118
759,tue-br25-5E-rechts-2702,0,0,118
760,tue-br25-6E-links-2702,0,0,118
761,tue-br25-6E-mitte-2702,0,0,118
762,tue-br25-6E-rechts-2702,0,0,118
763,tue-br25-E3-r101b-1-2702,0,0,118
764,tue-bu11-1OG-r105-1131,0,0,119
765,tue-bu11-1OG-r112-1142,0,0,119
766,tue-bu11-1OG-r119-1131,0,0,119
767,tue-bu11-1OG-r120-1131,0,0,119
768,tue-bu11-1OG-r130-1131,0,0,119
769,tue-bu11-2OG-r206-1131,0,0,119
770,tue-bu11-2OG-r212-1131,0,0,119
771,tue-bu11-2OG-r218-1131,0,0,119
772,tue-bu11-2OG-r221-1131,0,0,119
773,tue-bu11-2OG-r247-1131,0,0,119
774,tue-bu11-2OG-r248-1142,0,0,119
775,tue-bu11-2UG-r209-1852,1,1,119
776,tue-bu11-3OG-r302-1131,0,0,119
777,tue-bu11-5Eck-1UG-rU102-1852,0,0,119
778,tue-bu11-DG1-Flur-1852,0,0,119
779,tue-bu11-DG1-r206-1852,0,0,119
780,tue-bu11-DG1-r212-1852,0,0,119
781,tue-bu11-DG1-r218-1852,0,0,119
782,tue-bu11-DG1-r221-1852,0,0,119
783,tue-bu11-DG1-r247-1852,0,0,119
784,tue-bu11-DG1-r248-1852,0,0,119
785,tue-bu11-DG1-r262-1852,0,0,119
786,tue-bu11-DG2-r302-1852,0,0,119
787,tue-bu11-EG-Museum10-1852,0,0,119
788,tue-bu11-EG-Museum1-1852,0,0,119
789,tue-bu11-EG-Museum2-1852,0,0,119
790,tue-bu11-EG-Museum3-1852,0,0,119
791,tue-bu11-EG-Museum4-1852,0,0,119
792,tue-bu11-EG-Museum5-1852,0,0,119
793,tue-bu11-EG-Museum6-1852,0,0,119
794,tue-bu11-EG-Museum7-1852,0,0,119
795,tue-bu11-EG-Museum8-1852,0,0,119
796,tue-bu11-EG-Museum9-1852,1,1,119
797,tue-bu11-EG-r007-1852,2,2,119
798,tue-bu11-EG-Sakristei-1142,0,0,119
799,tue-bu11-EG-Sakristei-1852,0,0,119
800,tue-bu11-EG-Seminarraum-1142,0,0,119
801,tue-bu11-EG-Seminarraum-1852,0,0,119
802,tue-bu11-Fuerstenzimmer-1131,0,0,119
803,tue-bu11-Fuerstenzimmer-1852,0,0,119
804,tue-bu11-lui-1OG-r101-1131,0,0,119
805,tue-bu11-lui-1OG-r101-1852,0,0,119
806,tue-bu11-lui-1UG-U01-1131,0,0,119
807,tue-bu11-lui-1UG-U01-1852,0,0,119
808,tue-bu11-lui-1UG-U08-1852,0,0,119
809,tue-bu11-lui-2UG-U101-1131,0,0,119
810,tue-bu11-lui-2UG-U101-1852,0,0,119
811,tue-bu11-lui-EG-006-1142,0,0,119
812,tue-bu11-lui-EG-r004-1131,0,0,119
813,tue-bu11-lui-EG-r004-1852,0,0,119
814,tue-bu11-lui-EG-r006-1852,0,0,119
815,tue-bu11-OG-r105-1852,0,0,119
816,tue-bu11-OG-r112-1852,0,0,119
817,tue-bu11-OG-r119-1852,1,1,119
818,tue-bu11-OG-r120-1852,1,1,119
819,tue-bu11-OG-r130-1852,0,0,119
820,tue-bu11-OG-r136-1852,1,1,119
821,tue-bu11-OG-r140-1852,0,0,119
822,tue-bu11-OG-r142-1852,0,0,119
823,tue-bu11-OG-r164-1-1852,0,0,119
824,tue-bu11-OG-r164-2-1852,0,0,119
825,tue-bu11-OG-r165-1852,0,0,119
826,tue-bu11-UG-U23-1852,0,0,119
827,tue-bur1-1OG-Flur-1131,0,0,120
828,tue-bur1-1OG-r111-1142,0,0,120
829,tue-bur1-1OG-r116-1131,0,0,120
830,tue-bur1-2OG-r201-1131,0,0,120
831,tue-bur1-2OG-r208-1142,0,0,120
832,tue-bur1-2OG-r209-1131,0,0,120
833,tue-bur1-2OG-r211-1131,0,0,120
834,tue-bur1-2OG-r218-1131,0,0,120
835,tue-bur1-3OG-Flur1-1142,0,0,120
836,tue-bur1-3OG-Flur2-1142,0,0,120
837,tue-bur1-EG-Flur-1142,0,0,120
838,tue-bur1-EG-r010-1-1131,0,0,120
839,tue-bur1-EG-r010-2-1131,0,0,120
840,tue-bur1-EG-r011-1131,0,0,120
841,tue-dob33-DG-r31-2702,0,0,121
842,tue-dob33-DG-r33-2702,0,0,121
843,tue-dob33-EG-r13-2702,0,0,121
844,tue-dob33-OG-r24-2702,0,0,121
845,tue-dob33-OG-r27-2702,0,0,121
846,tue-dob33-UG-r01-2702,0,0,121
847,tue-ea8-1OG-R210-2702,1,1,122
848,tue-ea8-1OG-R211a-2702,1,1,122
849,tue-ea8-1OG-Studio-2702,0,0,122
850,tue-ea8-EG-R107-1-2702,0,0,122
851,tue-ea8-EG-R107-2-2702,0,0,122
852,tue-ea8-EG-Waschraum-2702,1,1,122
853,tue-ea8-UG-Flur-1-2702,0,0,122
854,tue-ea8-UG-Flur-2-2702,0,0,122
855,tue-eu6-1OG-Flur1-1142,0,0,123
856,tue-eu6-1OG-Flur2-1142,0,0,123
857,tue-eu6-2OG-Flur1-1142,0,0,123
858,tue-eu6-2OG-Flur2-1142,0,0,123
859,tue-eu6-EG-r204-1142,0,0,123
860,tue-eu6-UG-Flur1-1142,0,0,123
861,tue-eu6-UG-Flur2-1142,0,0,123
862,tue-ga29-1OG-Flur-1852,0,0,124
863,tue-ga29-1OG-r101a-1852,0,0,124
864,tue-ga29-1OG-vorR111-Test-1852,1,1,124
865,tue-ga29-2OG-Flur-1852,0,0,124
866,tue-ga29-3OG-Flur-1852,0,0,124
867,tue-ga29-3OG-r301c-1852,0,0,124
868,tue-ga29-EG-Flur-1852,1,1,124
869,tue-gme6-1OG-r101-1142,0,0,125
870,tue-gme6-1OG-r102-1142,0,0,125
871,tue-gme6-1OG-r107-1142,0,0,125
872,tue-gme6-1OG-r110a-1142,0,0,125
873,tue-gme6-1OG-r110b-1142,0,0,125
874,tue-gme6-2OG-r211-Klo-1142,0,0,125
875,tue-gme6-3OG-r301-1142,0,0,125
876,tue-gme6-3OG-r301a-1142,0,0,125
877,tue-gme6-EG-r10-1142,0,0,125
878,tue-gme6-EG-r12-1142,0,0,125
879,tue-ha123-Richtung-AM3-1310,0,0,126
880,tue-hau11-1OG-Flur-1142,0,0,127
881,tue-hau11-EG-Flur-1142,0,0,127
882,tue-hau43-1OG-r100-2702,0,0,128
883,tue-hg26-EG-Seminarraum-2702,0,0,129
884,tue-hg26-EG-Sozialraum-2702,0,0,129
885,tue-hoe11-DG-r204-2702,1,1,130
886,tue-hoe11-EG-r11-2702,1,1,130
887,tue-hoe12-1OG-Bibliothek-1131,0,0,131
888,tue-hoe12-1OG-r309-1131,0,0,131
889,tue-hoe12-1OG-r320-1-1131,0,0,131
890,tue-hoe12-1OG-r320-1142,0,0,131
891,tue-hoe12-1OG-r320-2-1131,0,0,131
892,tue-hoe12-1OG-r320-3-1131,0,0,131
893,tue-hoe12-1OG-r320-4-1131,0,0,131
894,tue-hoe12-2OG-r506-Flur-1142,0,0,131
895,tue-hoe12-2OG-r508-Flur-1142,0,0,131
896,tue-hoe12-2OG-r509-Treppe-1142,0,0,131
897,tue-hoe12-2OG-r510-1142,0,0,131
898,tue-hoe12-2OG-r514-1142,0,0,131
899,tue-hoe12-2OG-r521-1142,0,0,131
900,tue-hoe12-2OG-r524-Kueche-1142,0,0,131
901,tue-hoe12-2OG-r538-Kueche-1142,0,0,131
902,tue-hoe12-2OG-r546-1142,0,0,131
903,tue-hoe12-EG-r204-1142,0,0,131
904,tue-hoe12-EG-r206.2-1131,0,0,131
905,tue-hoe12-EG-r213-1142,0,0,131
906,tue-hoe12-EG-r244-1142,0,0,131
907,tue-hoe12-EG-r245-1131,0,0,131
908,tue-hoe12-EG-rS224-1142,0,0,131
909,tue-hoe12-EG-rS229-1142,0,0,131
910,tue-hoe12-UG-Flur-1142,0,0,131
911,tue-hoe12-UG-r107-1131,0,0,131
912,tue-hoe12-UG-r109-1131,0,0,131
913,tue-hoe12-UG-r117-1142,0,0,131
914,tue-hoe12-UG-r119-1142,0,0,131
915,tue-hoe12-UG-r136-1142,0,0,131
916,tue-hoe12-ZG-r404-1142,0,0,131
917,tue-hoe12-ZG-r405-1142,0,0,131
918,tue-hoe19-1OG-r101-2702,0,0,132
919,tue-hoe19-2OG-Flur-2702,0,0,132
920,tue-hoe19-EG-2702,0,0,132
921,tue-hoe29-1OG-Flur-1142,0,0,133
922,tue-hoe29-2OG-r301-1142,0,0,133
923,tue-hoe29-2OG-r314-Flur-1142,0,0,133
924,tue-hoe29-3OG-r401-1142,0,0,133
925,tue-hoe29-EG-Flur-1142,0,0,133
926,tue-hoe5-1OG-Foyer-1142,0,0,134
927,tue-hoe5-1OG-HS22-01-1142,0,0,134
928,tue-hoe5-1OG-HS22-02-1142,0,0,134
929,tue-hoe5-1OG-HS22-03-1142,0,0,134
930,tue-hoe5-1OG-HS22-04-1142,0,0,134
931,tue-hoe5-1OG-HS23-01,0,0,134
932,tue-hoe5-1OG-HS23-02-1142,0,0,134
933,tue-hoe5-1OG-HS24-01-1142,0,0,134
934,tue-hoe5-1OG-HS24-02-1142,0,0,134
935,tue-hoe5-1OG-HS25-01-1142,0,0,134
936,tue-hoe5-1OG-HS25-02-1142,0,0,134
937,tue-hoe5-1OG-HS25-03-1142,0,0,134
938,tue-hoe5-1OG-HS25-04-1142,0,0,134
939,tue-hoe5-EG-Foyer-links-1142,0,0,134
940,tue-hoe5-EG-Foyer-Treppe-1142,0,0,134
941,tue-hoe5-EG-HS21-01-1142,0,0,134
942,tue-hoe5-EG-HS21-02-1142,0,0,134
943,tue-hoe5-EG-HS21-04-1142,0,0,134
944,tue-hoe5-Temp1-2802,0,0,134
945,tue-hoe5-Temp2-2802,0,0,134
946,tue-hoe5-Temp3-2802,0,0,134
947,tue-kep17-1OG-Flur-1852,1,1,135
948,tue-kep17-2OG-Flur-1852,1,1,135
949,tue-kep17-3OG-Flur-1852,0,0,135
950,tue-kep17-EG-r07-Flur-1852,0,0,135
951,tue-kep4-EG-r002-1142,0,0,136
952,tue-koe6-2Og-r10Nord-1142,0,0,137
953,tue-koe6-2OG-r10Sued-1142,0,0,137
954,tue-koe6-2OG-Raum1-1142,0,0,137
955,tue-koe6-2OG-Raum3-1142,0,0,137
956,tue-koe6-Hotline-Temp-1852,0,0,137
957,tue-les1-EG-Flur-Kueche-2702,0,0,138
958,tue-les1-EG-vor-r3-2702,0,0,138
959,tue-les1-EG-vor-r5-2702,1,1,138
960,tue-les1-OG-Diele-2707,3,3,138
961,tue-les1-UG-vor-r4-2702,3,3,138
962,tue-les3-EG-Konferenzraum-2702,0,0,139
963,tue-les3-EG-vor-Kueche-2702,0,0,139
964,tue-les3-OGAltbau-vor-r15-2702,0,0,139
965,tue-les3-OGAltbau-vor-r17-2702,0,0,139
966,tue-les3-OGAltbau-vor-r19,1,1,139
967,tue-les3-OGHalle-vor-WC-2707,0,0,139
968,tue-les3-OG-vor-r14-2702,0,0,139
969,tue-li12-1OG-Flur-02-2702,0,0,140
970,tue-li12-1OG-Flur-vor121-2702,0,0,140
971,tue-li12-1OG-Flur-vor128-2702,0,0,140
972,tue-li12-1OG-Flur-vor131-2702,0,0,140
973,tue-li12-1OG-Flur-vor139-2702,0,0,140
974,tue-li12-1OG-Flur-vor152-2702,0,0,140
975,tue-li12-1OG-r104-2707,0,0,140
976,tue-li12-1OG-r105-2702,0,0,140
977,tue-li12-1OG-r117-2702,0,0,140
978,tue-li12-2OG-Flur2-2702,0,0,140
979,tue-li12-2OG-Flur-2702,0,0,140
980,tue-li12-2OG-Flur-vor249-2702,0,0,140
981,tue-li12-2OG-r206-2702,0,0,140
982,tue-li12-2OG-r217-2702,0,0,140
983,tue-li12-2OG-r223-2702,0,0,140
984,tue-li12-2OG-r237-2702,0,0,140
985,tue-li12-2OG-r241-2702,0,0,140
986,tue-li12-2OG-r243-2702,0,0,140
987,tue-li12-3OG-Flur-2702,0,0,140
988,tue-li12-3OG-r320-2702,0,0,140
989,tue-li12-EG-Flur-02-2702,0,0,140
990,tue-li12-EG-Flur-03-2702,0,0,140
991,tue-li12-EG-Flur-04-2702,0,0,140
992,tue-li12-EG-Flur-05-2702,0,0,140
993,tue-li12-EG-Flur-vor34-2702,0,0,140
994,tue-li12-EG-Flur-vor-r27-2702,0,0,140
995,tue-li12-EG-r044-davor-2702,0,0,140
996,tue-li12-EG-r05-2702,0,0,140
997,tue-li6-eg-r09-1142,0,0,141
998,tue-mel30-1OG-r105-1142,0,0,142
999,tue-mel30-2OG-vorRaum209-1142,0,0,142
1000,tue-mel30-EG-r001-1142,0,0,142
1001,tue-mue11-1OG-r101-1142,0,0,143
1002,tue-mue11-1OG-r108-1142,0,0,143
1003,tue-mue11-EG-r008-1142,0,0,143
1004,tue-mue11-EG-r008Tafel-1142,0,0,143
1005,tue-mue26-1OG-r112-1142,0,0,144
1006,tue-mue26-1OG-r113-1-1142,0,0,144
1007,tue-mue26-1OG-r113-2-1142,0,0,144
1008,tue-mue26-3OG-r303-1142,0,0,144
1009,tue-mue26-EG-r08-1142,0,0,144
1010,tue-mue26-EG-r12-1142,0,0,144
1011,tue-mue30-Ebene1-RaumU102-1142,0,0,145
1012,tue-mue30-Ebene2_Ost-1142,0,0,145
1013,tue-mue30-Ebene2-West-1142,0,0,145
1014,tue-mue30-Ebene3-BibOst-1142,0,0,145
1015,tue-mue30-Ebene3-BibWest-1142,0,0,145
1016,tue-mue30-Ebene4-Saal-Ost-1142,0,0,145
1017,tue-mue30-Ebene4-Saal-West-1142,0,0,145
1018,tue-mue30-Ebene5-Katalog-1142,0,0,145
1019,tue-mue30-Ebene5-Ost-1142,0,0,145
1020,tue-mue30-Ebene6-Raum605-1142,0,0,145
1021,tue-mue30-Ebene6-Raum606-1142,0,0,145
1022,tue-mue30-Ebene6-Teekueche-1142,0,0,145
1023,tue-mvl6-E2-Eingang00-14-1852,0,0,146
1024,tue-mvl6-E2-Flur00-10-1-1852,0,0,146
1025,tue-mvl6-E2-Flur00-10-2-1852,2,2,146
1026,tue-mvl6-E2-Flur00-10-3-1852,0,0,146
1027,tue-mvl6-E2-Flur00-10-4-1852,1,1,146
1028,tue-mvl6-E2-Flur00-29-A14-1-1852,1,1,146
1029,tue-mvl6-E2-Flur00-29-A14-2-1852,1,1,146
1030,tue-mvl6-E2-HS00-28-1852,0,0,146
1031,tue-mvl6-E2-Lounge00-24-A13-1852,2,2,146
1032,tue-mvl6-E2-r00-5-1852,2,2,146
1033,tue-mvl6-E3-Flur10-11-1-1852,0,0,146
1034,tue-mvl6-E3-Flur10-11-2-1852,0,0,146
1035,tue-mvl6-E3-Flur10-11-3-1852,0,0,146
1036,tue-mvl6-E3-Flur10-11-4-1852,0,0,146
1037,tue-mvl6-E3-Flur10-11-5-1852,1,1,146
1038,tue-mvl6-E3-Flur10-18-1852,0,0,146
1039,tue-mvl6-E3-Flur10-29-1-1852,0,0,146
1040,tue-mvl6-E3-Flur10-29-2-1852,0,0,146
1041,tue-mvl6-E3-Flur10-29-3-1852,1,1,146
1042,tue-mvl6-E3-Flur10-29-4-1852,0,0,146
1043,tue-mvl6-E3-r30-18-1852,3,3,146
1044,tue-mvl6-E4-Flur20-11-1-1852,0,0,146
1045,tue-mvl6-E4-Flur20-11-2-1852,1,1,146
1046,tue-mvl6-E4-Flur20-11-3-1852,1,1,146
1047,tue-mvl6-E4-Flur20-11-4-1852,0,0,146
1048,tue-mvl6-E4-Flur20-11-5-1852,0,0,146
1049,tue-mvl6-E4-Flur20-18-1852,0,0,146
1050,tue-mvl6-E4-Flur20-24-1-1852,1,1,146
1051,tue-mvl6-E4-Flur20-24-2-1852,1,1,146
1052,tue-mvl6-E4-Flur20-24-3-1852,3,3,146
1053,tue-mvl6-E4-Flur20-24-4-1852,1,1,146
1054,tue-mvl6-E4-r20-38-1852,0,0,146
1055,tue-mvl6-E5-Flur30-11-1-1852,1,1,146
1056,tue-mvl6-E5-Flur30-11-2-1852,0,0,146
1057,tue-mvl6-E5-Flur30-11-3-1852,0,0,146
1058,tue-mvl6-E5-Flur30-11-4-1852,0,0,146
1059,tue-mvl6-E5-Flur30-11-5-1852,0,0,146
1060,tue-mvl6-E5-Flur30-18-1852,0,0,146
1061,tue-mvl6-E5-Flur30-24-1-1852,0,0,146
1062,tue-mvl6-E5-Flur30-24-2-1852,1,1,146
1063,tue-mvl6-E5-Flur30-24-3-1852,2,2,146
1064,tue-mvl6-E5-Flur30-24-4-1852,1,1,146
1065,tue-mvl6-E5-r30-18-1852,0,0,146
1066,tue-mvl6-E6-Flur40-11-1-1852,1,1,146
1067,tue-mvl6-E6-Flur40-11-2-1852,0,0,146
1068,tue-mvl6-E6-Flur40-11-3-1852,0,0,146
1069,tue-mvl6-E6-Flur40-11-4-1852,1,1,146
1070,tue-mvl6-E6-Flur40-11-5-1852,3,3,146
1071,tue-mvl6-E6-Flur40-18-1852,0,0,146
1072,tue-mvl6-E6-Flur40-24-1-1852,3,3,146
1073,tue-mvl6-E6-Flur40-24-2-1852,0,0,146
1074,tue-mvl6-E6-Flur40-24-3-1852,1,1,146
1075,tue-mvl6-E6-Flur40-24-4-1852,0,0,146
1076,tue-mvl6-E6-r40-18-1852,0,0,146
1077,tue-na2-OG-kueche-2702,0,0,147
1078,tue-na35-1OG-r105-1142,0,0,148
1079,tue-na35-1OG-r106-1142,0,0,148
1080,tue-na35-2OG-Flur-Schrank-1142,0,0,148
1081,tue-na35-3OG-Flur-1142,0,0,148
1082,tue-na35-EG-Biblio-1142,0,0,148
1083,tue-na35-EG-r004-1142,0,0,148
1084,tue-na47-1OG-r101-2702,0,0,149
1085,tue-na47-1OG-r101b-2702,0,0,149
1086,tue-na47-2OG-r201-2702,0,0,149
1087,tue-na47-2OG-r201b-2702,0,0,149
1088,tue-na47-3OG-r300-2702,0,0,149
1089,tue-na47-3OG-r319-2702,0,0,149
1090,tue-na47-EG-r13-2702,0,0,149
1091,tue-na47-EG-r20-2702,0,0,149
1092,tue-na47-UG-rU006-2702,1,1,149
1093,tue-na48-1OG-Flur2-1142,0,0,150
1094,tue-na48-2OG-Flur3-1142,0,0,150
1095,tue-na48-DG-r208-Flur1852,0,0,150
1096,tue-na48-EG-Flur1-1142,0,0,150
1097,tue-na48-EG-r007-Flur-1852,0,0,150
1098,tue-na48-OG-r106-Flur-1852,1,1,150
1099,tue-na5-1OG-Flur-2702,2,2,151
1100,tue-na5-EG-r002-2702,0,0,151
1101,tue-odh7-2OG-Flur-2702,0,0,153
1102,tue-odh7-2OG-r205-2702,0,0,153
1103,tue-odh7-2OG-r218-2702,0,0,153
1104,tue-odh7-2OG-r220-2702,0,0,153
1105,tue-odh7-3OG-r301-2702,0,0,153
1106,tue-odh7-3OG-r304-2702,0,0,153
1107,tue-odh7-EG-r03-2702,0,0,153
1108,tue-oe3-1OG-Flur2-2702,2,2,154
1109,tue-oe3-1OG-KursraumB-2702,1,1,154
1110,tue-oe3-1OG-r115-2702,0,0,154
1111,tue-oe3-1OG-r128a-2702,0,0,154
1112,tue-oe3-1OG-vorkleinemHoersaal-2702,0,0,154
1113,tue-oe3-2OG-r207-2702,1,1,154
1114,tue-oe3-2OG-r220-2702,0,0,154
1115,tue-oe3-3OG-r303-2702,0,0,154
1116,tue-oe3-EG-Garderobe-2702,0,0,154
1117,tue-oe3-EG-r024-2702,1,1,154
1118,tue-oe3-UG-rU01a-Flur2702,0,0,154
1119,tue-oe3-UG-rU01-Flur1-2702,1,1,154
1120,tue-ru19-UG-rW203-2702,0,0,155
1121,tue-rue19-1OG-W400-2702,0,0,156
1122,tue-rue19-1OG-W408-2702,0,0,156
1123,tue-rue19-2OG-Flur-2702,0,0,156
1124,tue-rue19-2OG-W500-2702,0,0,156
1125,tue-rue19-EG-W300-2702,0,0,156
1126,tue-rue19-EG-W309-2702,1,1,156
1127,tue-rue19-UG-rW203-2702,0,0,156
1128,tue-rue19-UG-W206-2702,0,0,156
1129,tue-rue21-EG-M300-Aufsicht-2702,0,0,157
1130,tue-rue23-1OG-r404-2702,0,0,158
1131,tue-rue23-1OG-r416-2702,0,0,158
1132,tue-rue23-1UG-Eingangshalle-2702,0,0,158
1133,tue-rue23-1UG-H209-2702,0,0,158
1134,tue-rue23-2OG-r500B-Flur-2702,0,0,158
1135,tue-rue23-2OG-r507-2702,1,1,158
1136,tue-rue23-2OG-r516-2702,0,0,158
1137,tue-rue23-3OG-r602-2702,0,0,158
1138,tue-rue23-3OG-r604-2702,0,0,158
1139,tue-rue23-3OG-r608-2702,0,0,158
1140,tue-rue23-EG-r326-2702,0,0,158
1141,tue-rue23-EG-rH314-2702,0,0,158
1142,tue-rue27-1OG-r104-1131,0,0,159
1143,tue-rue27-1OG-r105-1131,0,0,159
1144,tue-rue32-1OG-r102-1852,6,6,160
1145,tue-rue32-2OG-Flur-1852,0,0,160
1146,tue-rue32-EG-Flur-1852,2,2,160
1147,tue-sa1-1OG-r203-2702,0,0,161
1148,tue-sa1-1OG-r210-2702,0,0,161
1149,tue-sa1-1OG-r217-2702,1,1,161
1150,tue-sa1-2OG-Flur1-2702,0,0,161
1151,tue-sa1-2OG-Flur2-2702,0,0,161
1152,tue-sa1-2OG-Flur3-2702,0,0,161
1153,tue-sa1-2OG-Flur4-2702,1,1,161
1154,tue-sa1-2OG-rA301-2702,0,0,161
1155,tue-sa1-2OG-rA301a-2702,0,0,161
1156,tue-sa1-2OG-rA307-2702,0,0,161
1157,tue-sa1-2OG-rA324-2702,0,0,161
1158,tue-sa1-EG-A104-2702,0,0,161
1159,tue-sa1-EG-Foyer-2702,0,0,161
1160,tue-sa1-EG-r110-2702,0,0,161
1161,tue-sa1-EG-r118-2702,0,0,161
1162,tue-sa1-EG-r128-2702,0,0,161
1163,tue-sa1-UG-Flur-2702,2,2,161
1164,tue-sa1-UG-r022-2702,0,0,161
1165,tue-sa13-1OG-Flur1-2702,0,0,162
1166,tue-sa13-1OG-Flur2-2702,0,0,162
1167,tue-sa13-1OG-Flur3-2702,0,0,162
1168,tue-sa13-1OG-Flur4-2702,0,0,162
1169,tue-sa13-1OG-Flur5-2702,0,0,162
1170,tue-sa13-1OG-Flur6-2702,0,0,162
1171,tue-sa13-1OG-Flur7-2702,0,0,162
1172,tue-sa13-2OG-Flur1-2702,0,0,162
1173,tue-sa13-2OG-Flur2-2702,0,0,162
1174,tue-sa13-2OG-Flur3-2702,0,0,162
1175,tue-sa13-2OG-Flur4-2702,0,0,162
1176,tue-sa13-2OG-Flur5-2702,0,0,162
1177,tue-sa13-2OG-Flur6-2702,0,0,162
1178,tue-sa13-2OG-rB317-2702,1,1,162
1179,tue-sa13-2OG-rB319-2702,0,0,162
1180,tue-sa13-EG-Flur1-2702,0,0,162
1181,tue-sa13-EG-Flur2-2702,0,0,162
1182,tue-sa13-EG-Flur3-2702,0,0,162
1183,tue-sa13-EG-Flur4-2702,0,0,162
1184,tue-sa13-EG-Flur5-2702,0,0,162
1185,tue-sa13-EG-Flur6-2702,0,0,162
1186,tue-sa13-EG-Flur7-2702,0,0,162
1187,tue-sa13-UG-rB033-2702,0,0,162
1188,tue-sa14-1OG-Flur1-2702,0,0,163
1189,tue-sa14-1OG-Flur2-2702,1,1,163
1190,tue-sa14-1OG-Flur3-2702,0,0,163
1191,tue-sa14-1OG-Flur4-2702,0,0,163
1192,tue-sa14-1OG-r211a-2702,1,1,163
1193,tue-sa14-1OG-r215-2702,1,1,163
1194,tue-sa14-2OG-Flur1-2702,1,1,163
1195,tue-sa14-2OG-Flur2-2702,0,0,163
1196,tue-sa14-2OG-Flur3-2702,0,0,163
1197,tue-sa14-2OG-Flur4-2702,0,0,163
1198,tue-sa14-2OG-Flur5-2702,1,1,163
1199,tue-sa14-3OG-Flur1-2702,1,1,163
1200,tue-sa14-3OG-Flur2-2702,0,0,163
1201,tue-sa14-3OG-Flur3-2702,0,0,163
1202,tue-sa14-3OG-Flur4-2702,0,0,163
1203,tue-sa14-3OG-Flur5-2702,0,0,163
1204,tue-sa14-3OG-Flur6-2702,0,0,163
1205,tue-sa14-EG-C125-2702,0,0,163
1206,tue-sa14-EG-Flur1-2702,0,0,163
1207,tue-sa14-EG-Flur2-2702,1,1,163
1208,tue-sa14-EG-Flur3-2702,0,0,163
1209,tue-sa14-EG-r111-2702,0,0,163
1210,tue-sa14-EG-r118a-2702,0,0,163
1211,tue-sa14-EG-r119-2702,0,0,163
1212,tue-sa6-1OG-Flur1-2702,0,0,164
1213,tue-sa6-1OG-Flur2-2702,0,0,164
1214,tue-sa6-EG-r125-2702,0,0,164
1215,tue-sa7-OG-Flur-01-2702,0,0,165
1216,tue-sa7-OG-Flur-02-2702,0,0,165
1217,tue-sa7-OG-Flur-03-2702,0,0,165
1218,tue-sa8-OG-1852,0,0,166
1219,tue-sig17-1OG-Flur-2702,0,0,167
1220,tue-sig17-DG-r10-2702,1,1,167
1221,tue-sig17-EG-r05-2702,0,0,167
1222,tue-sig18-EG-Flur-2702,0,0,168
1223,tue-sil5-E3-r304-1852,0,0,169
1224,tue-sil5-E3-r307-1852,0,0,169
1225,tue-sil5-E3-r313-1852,0,0,169
1226,tue-sil5-E3-Vorraum317-1852,0,0,169
1227,tue-sil5-E4-r22-1852,1,1,169
1228,tue-sla13-EG-S1-2702,0,0,170
1229,tue-sla13-EG-S2-2702,0,0,170
1230,tue-sla13-EG-S3-2702,0,0,170
1231,tue-sle4-1OG-r4404-1142,0,0,171
1232,tue-sle4-1OG-Raum0414-1142,0,0,171
1233,tue-sle4-1OG-Raum0415-1142,0,0,171
1234,tue-sle4-1OG-Raum0416-1142,0,0,171
1235,tue-sle4-1OG-Raum0417-1142,0,0,171
1236,tue-sle4-1OG-Raum418-1142,0,0,171
1237,tue-sle4-2OG-r4517-1142,0,0,171
1238,tue-sle4-2OG-r4538-1142,0,0,171
1239,tue-sle4-2OG-Raum4.513-1142,0,0,171
1240,tue-sle4-2OG-Raum4505-1142,0,0,171
1241,tue-sle4-2OG-Raum4508-1142,0,0,171
1242,tue-sle4-2OG-Raum4518-1142,0,0,171
1243,tue-sle4-2OG-Raum4521-1142,0,0,171
1244,tue-sle4-2OG-Raum4532-1142,0,0,171
1245,tue-sle4-2OG-Raum4539-2-1142,0,0,171
1246,tue-sle4-DG-Raum4609-1142,0,0,171
1247,tue-sle4-DG-Raum4614-1142,0,0,171
1248,tue-sle4-DG-Raum4617-1142,0,0,171
1249,tue-sle4-DG-Raum4619-1142,0,0,171
1250,tue-sle4-EG-r4326-1142,0,0,171
1251,tue-sle4-EG-r4328-1142,0,0,171
1252,tue-sle4-EG-Raum0314-1-1142,0,0,171
1253,tue-sle4-EG-Raum0314-2-1142,0,0,171
1254,tue-sle4-EG-Raum4309-1142,0,0,171
1255,tue-sle4-EG-Raum4316-1142,0,0,171
1256,tue-sle4-EG-Raum4322-1142,0,0,171
1257,tue-sle4-EG-Raum4327-1-1142,0,0,171
1258,tue-sle4-EG-Raum4327-2-1142,0,0,171
1259,tue-sle4-EG-Raum4329-1142,0,0,171
1260,tue-sle4-EG-Raum4332-1142,0,0,171
1261,tue-sle4-EG-Raum4333-1142,0,0,171
1262,tue-sle4-EG-Raum4339-1142,0,0,171
1263,tue-sle4-SG-Raum0201-1142,0,0,171
1264,tue-sle4-SG-Raum0214-1142,0,0,171
1265,tue-sle4-SG-Raum0214-2-1142,0,0,171
1266,tue-sle4-SG-Raum0216-1142,0,0,171
1267,tue-sle4-SG-Raum4201-1142,0,0,171
1268,tue-sle4-SG-Raum4203-1142,0,0,171
1269,tue-sle4-SG-Raum4205-1142,0,0,171
1270,tue-sle4-SG-Raum4208-1142,0,0,171
1271,tue-sle4-SG-Raum4221-1142,0,0,171
1272,tue-sle4-SG-Raum4225-1142,0,0,171
1273,tue-sle4-SG-Raum4226-1142,0,0,171
1274,tue-sle4-SG-Raum4239-1142,0,0,171
1275,tue-sle4-SG-Raum4241-1142,0,0,171
1276,tue-sle4-UG-Raum4105-1142,0,0,171
1277,tue-sna94-E1-r1A40-1852,0,0,172
1278,tue-sna94-E1-r1D26-1852,0,0,172
1279,tue-sna94-E1-r1E36-1852,0,0,172
1280,tue-sna94-E1-r1T36-1852,0,0,172
1281,tue-sna94-E1-rFlur52-1852,0,0,172
1282,tue-sna94-E2-r2B26-1852,0,0,172
1283,tue-sna94-E2-r2B31-1852,0,0,172
1284,tue-sna94-E2-r2D02-1852,0,0,172
1285,tue-sna94-E2-r2E33-1852,0,0,172
1286,tue-sna94-E2-r2E42-1-1852,0,0,172
1287,tue-sna94-E2-r2E42-2-1852,0,0,172
1288,tue-sna94-E2-r2L09-1852,0,0,172
1289,tue-sna94-E2-r2R12-1852,0,0,172
1290,tue-sna94-E2-r2T30-1-1852,0,0,172
1291,tue-sna94-E2-r2T30-2-1852,0,0,172
1292,tue-sna94-E2-rFL130-1852,0,0,172
1293,tue-sna94-E2-rFL156-1852,0,0,172
1294,tue-sna94-E3-3C01-1852,0,0,172
1295,tue-sna94-E3-Foyer-1852,0,0,172
1296,tue-sna94-E3-r3B39-1852,0,0,172
1297,tue-sna94-E3-r3G09-1852,0,0,172
1298,tue-sna94-E3-r3G12-1-1852,0,0,172
1299,tue-sna94-E3-r3G12-2-1852,0,0,172
1300,tue-sna94-E3-r3L09-1852,0,0,172
1301,tue-sna94-E3-r3M07-1-1852,0,0,172
1302,tue-sna94-E3-r3M07-2-1852,1,1,172
1303,tue-sna94-E3-r3N32-1852,0,0,172
1304,tue-sna94-E3-rFL156-1852,0,0,172
1305,tue-sna94-E3-rFL57-1-1852,0,0,172
1306,tue-sna94-E3-rFL57-2-1852,0,0,172
1307,tue-sna94-E3-rFL57-3-1852,0,0,172
1308,tue-sna94-E3-rFL78-1-1852,0,0,172
1309,tue-sna94-E3-rFL78-2-1852,0,0,172
1310,tue-sna94-E3-rFL81-1852,0,0,172
1311,tue-sna94-E4-r4B15-1852,0,0,172
1312,tue-sna94-E4-r4E31-1852,0,0,172
1313,tue-sna94-E4-r4G09-1-1852,0,0,172
1314,tue-sna94-E4-r4G09-2-1852,0,0,172
1315,tue-sna94-E4-r4G09-3-1852,0,0,172
1316,tue-sna94-E4-r4L09-1852,0,0,172
1317,tue-sna94-E4-r4U03-1852,0,0,172
1318,tue-sna94-E4-r4U06-1852,0,0,172
1319,tue-sna94-E4-rFL116-1852,0,0,172
1320,tue-sna94-E4-rFL155-1-1852,0,0,172
1321,tue-sna94-E4-rFL155-2-1852,0,0,172
1322,tue-sna94-E4-rFL53-1852,0,0,172
1323,tue-sna94-E4-rFL57-1852,0,0,172
1324,tue-sna94-E4-rFL78-1-1852,0,0,172
1325,tue-sna94-E4-rFL78-2-1852,0,0,172
1326,tue-sna94-E4-rFL81-1852,0,0,172
1327,tue-sna94-E5-Outdoor1-1562,1,1,172
1328,tue-sna94-E5-Outdoor2-1562,0,0,172
1329,tue-sna94-E5-r5B40-1852,0,0,172
1330,tue-sna94-E5-r5G15-1852,0,0,172
1331,tue-sna94-E5-r5H07-1852,0,0,172
1332,tue-sna94-E5-r5S02-1852,0,0,172
1333,tue-sna94-E5-rFL156-1852,0,0,172
1334,tue-sna94-E5-rFL57-1-1852,2,2,172
1335,tue-sna94-E5-rFL57-2-1852,1,1,172
1336,tue-sna94-E5-rFL71-1852,1,1,172
1337,tue-sna94-E5-rFL78-1-1852,0,0,172
1338,tue-sna94-E5-rFL78-2-1852,0,0,172
1339,tue-sna94-E5-rFL79-1852,2,2,172
1340,tue-sna94-E5-rFL81-1852,3,3,172
1341,tue-sna94-E6-r6B15-1852,0,0,172
1342,tue-sna94-E6-r6G16-1852,0,0,172
1343,tue-sna94-E6-r6U39-1852,0,0,172
1344,tue-sna94-E6-rFL155-1852,0,0,172
1345,tue-sna94-E6-rFL160-1-1852,0,0,172
1346,tue-sna94-E6-rFL160-2-1852,0,0,172
1347,tue-sna94-E6-rFL58-1852,0,0,172
1348,tue-sna94-E6-rFL71-1-1852,0,0,172
1349,tue-sna94-E6-rFL71-2-1852,0,0,172
1350,tue-sna94-E6-rFL78-1852,1,1,172
1351,tue-sna94-E6-rFL81-1-1852,1,1,172
1352,tue-sna94-E6-rFL81-2-1852,2,2,172
1353,tue-sul2-1OG-r1032-2702,1,1,173
1354,tue-sul2-1OG-r103-2702,1,1,173
1355,tue-sul2-1OG-r105-2702,0,0,173
1356,tue-sul2-1OG-r108-2702,0,0,173
1357,tue-sul2-2OG-Flur2-2702,0,0,173
1358,tue-sul2-2OG-Flur-2702,1,1,173
1359,tue-sul2-EG-r006-2702,0,0,173
1360,tue-sul2-EG-r008-2702,0,0,173
1361,tue-sul2-UG-U109-2702,0,0,173
1362,tue-wae67-DG-Flur-1131,0,0,174
1363,tue-wae67-DG-Flur-1852,0,0,174
1364,tue-wae67-DG-r305-1131,0,0,174
1365,tue-wae67-EG-r105-1142,0,0,174
1366,tue-wae67-EG-r105-1852,0,0,174
1367,tue-wae67-UG-r002-1131,0,0,174
1368,tue-wae67-UG-r002-1852,0,0,174
1369,tue-wae67-UG-r004-1131,0,0,174
1370,tue-wae67-UG-r004-1852,1,1,174
1371,tue-wae76-1OG-SR-2702,0,0,175
1372,tue-wae76-2OG-Flur-2702,0,0,175
1373,tue-wae76-EG-r032-2702,0,0,175
1374,tue-was12-EG-flur-r01-1852,1,1,176
1375,tue-was12-EG-flur-r05-1852,2,2,176
1376,tue-was12-EG-flur-r07-1852,1,1,176
1377,tue-was12-EG-flur-r10a-1852,0,0,176
1378,tue-was12-EG-r18-1852,0,0,176
1379,tue-was12-EG-r19-1852,0,0,176
1380,tue-was12-EG-r27-1852,1,1,176
1381,tue-wi106-EG-r010-2702,0,0,177
1382,tue-wi106-EG-r08b-2702,0,0,177
1383,tue-wi11-1OG-r107-2702,0,0,178
1384,tue-wi11-2OG-r201-2702,0,0,178
1385,tue-wi11-EG-r007-2702,0,0,178
1386,tue-wi124-Tennisheim-1131,0,0,179
1387,tue-wi133-1OG-r032-1142,0,0,180
1388,tue-wi133-1OG-r31-1852,0,0,180
1389,tue-wi133-1OG-r32-1852,4,4,180
1390,tue-wi133-2OG-r056-1142,0,0,180
1391,tue-wi133-2OG-r55-1852,0,0,180
1392,tue-wi133-2OG-r62-1131,0,0,180
1393,tue-wi133-2OG-r62-1852,0,0,180
1394,tue-wi133-EG-r20-1142,0,0,180
1395,tue-wi133-EG-r20-1852,0,0,180
1396,tue-wi133-EG-r21-1131,0,0,180
1397,tue-wi133-EG-r21-1852,0,0,180
1398,tue-wi133-r31-1131,0,0,180
1399,tue-wi19-1OG-r101-1131,0,0,181
1400,tue-wi19-1OG-r113-1131,0,0,181
1401,tue-wi19-1OG-r120-1131,0,0,181
1402,tue-wi19-1OG-r133-1131,0,0,181
1403,tue-wi19-1OG-Treppenhaus1-1131,0,0,181
1404,tue-wi19-2OG-r221-1131,0,0,181
1405,tue-wi19-2OG-r226-1131,0,0,181
1406,tue-wi19-2OG-r231-1142,0,0,181
1407,tue-wi19-2OG-Treppenhaus2-1131,0,0,181
1408,tue-wi19-3OG-r317-1131,0,0,181
1409,tue-wi19-3OG-r320-1142,0,0,181
1410,tue-wi19-3OG-r327-1142,0,0,181
1411,tue-wi19-3OG-Treppenhaus3-1131,0,0,181
1412,tue-wi19-EG-r001-1131,0,0,181
1413,tue-wi19-EG-r002-1131,0,0,181
1414,tue-wi19-UG-r19-1131,0,0,181
1415,tue-wi26-1OG-r104-1852,1,1,182
1416,tue-wi26-1OG-r111-1852,4,4,182
1417,tue-wi26-2OG-r205-1852,0,0,182
1418,tue-wi26-2OG-r209-1852,0,0,182
1419,tue-wi26-EG-Hoersaal-1852,2,2,182
1420,tue-wi26-EG-r08-1852,0,0,182
1421,tue-wi30-EG-Cafeteria-2702,0,0,183
1422,tue-wi30-EG-Nebenraum-2702,0,0,183
1423,tue-wi30-EG-r001-2702,1,1,183
1424,tue-wi30-OG-r102-2702,0,0,183
1425,tue-wi30-OG-r107-2702,0,0,183
1426,tue-wi30-OG-r112-Flur-2702,0,0,183
1427,tue-wi30-OG-r113-2702,0,0,183
1428,tue-wi30-OG-r116-2702,0,0,183
1429,tue-wi30-OG-r117-2702,0,0,183
1430,tue-wi30.1-1OG-r203-2702,2,2,184
1431,tue-wi31-1OG-r100-2702,0,0,185
1432,tue-wi31-2OG-r200-2702,0,0,185
1433,tue-wi31-3OG-r300-2702,1,1,185
1434,tue-wi31-EG-r001-2702,0,0,185
1435,tue-wi32-1OG-LuStZ-Holzwand-li-2702,0,0,186
1436,tue-wi32-1OG-LuStZ-Holzwand-re-2702,0,0,186
1437,tue-wi32-1OG-LuStZ-InfoZentrum-2702,0,0,186
1438,tue-wi32-1OG-LuStZ-Trennwand-2702,0,0,186
1439,tue-wi32-1OG-LustZ-Uhr-2702,0,0,186
1440,tue-wi32-1OG-rH106-2702,0,0,186
1441,tue-wi32-2OG-AusleihzentGalerie-2702,0,0,186
1442,tue-wi32-2OG-Postfachzimmer-2702,1,1,186
1443,tue-wi32-2OG-r232-2702,0,0,186
1444,tue-wi32-2OG-rH101-2702,0,0,186
1445,tue-wi32-EG-cafeteria1-2702,0,0,186
1446,tue-wi32-EG-cafeteria2-2702,0,0,186
1447,tue-wi32-EG-cafeteria3-2702,0,0,186
1448,tue-wi32-EG-rB004-2702,0,0,186
1449,tue-wi32-EG-rB005-2702,0,0,186
1450,tue-wi32-EG-rB006-2702,0,0,186
1451,tue-wi32-EG-rB008-2702,0,0,186
1452,tue-wi32-EG-rB018-1-2702,0,0,186
1453,tue-wi32-EG-rB018-2-2702,0,0,186
1454,tue-wi32-EG-rH023-Flur-2702,0,0,186
1455,tue-wi32-EG-wi15l-1562,2,2,186
1456,tue-wi32-EG-wi15r-1562,3,3,186
1457,tue-wi32-EG-wi36h-1562,1,1,186
1458,tue-wi32-EG-wi36v-1562,0,0,186
1459,tue-wi32-OG-rB114-Flur-2702,0,0,186
1460,tue-wi36-1OG-Flur1-2702,0,0,187
1461,tue-wi36-1OG-Flur2-2702,0,0,187
1462,tue-wi36-1OG-Flur3-2702,0,0,187
1463,tue-wi36-1OG-Flur4-2702,0,0,187
1464,tue-wi36-1OG-Flur5-2702,0,0,187
1465,tue-wi36-1OG-r101-2702,0,0,187
1466,tue-wi36-1OG-r123-1-2702,0,0,187
1467,tue-wi36-1OG-r123-2-2702,0,0,187
1468,tue-wi36-2OG-Flur1-2702,0,0,187
1469,tue-wi36-2OG-Flur2-2702,0,0,187
1470,tue-wi36-2OG-Flur3-2702,0,0,187
1471,tue-wi36-2OG-Flur4-2702,0,0,187
1472,tue-wi36-2OG-r201-2702,0,0,187
1473,tue-wi36-2OG-r217-2702,0,0,187
1474,tue-wi36-2OG-r231-1-2702,0,0,187
1475,tue-wi36-2OG-r231-2-2702,0,0,187
1476,tue-wi36-3OG-r309-1-2702,0,0,187
1477,tue-wi36-3OG-r309-2-2702,0,0,187
1478,tue-wi36-3OG-r309-3-2702,0,0,187
1479,tue-wi36-4OG-r408-2702,0,0,187
1480,tue-wi36-4OG-r408b-1-2702,0,0,187
1481,tue-wi36-4OG-r408b-2-2702,0,0,187
1482,tue-wi36-5OG-r512-1-2702,0,0,187
1483,tue-wi36-5OG-r512-2-2702,2,2,187
1484,tue-wi36-5OG-r512-3-2702,0,0,187
1485,tue-wi36-EG-r002-2702,0,0,187
1486,tue-wi36-EG-r003-1-2702,0,0,187
1487,tue-wi36-EG-r003-3-2702,0,0,187
1488,tue-wi36-EG-r003a-2-2702,0,0,187
1489,tue-wi36-EG-r35-1-2702,0,0,187
1490,tue-wi36-EG-r35-2-2702,0,0,187
1491,tue-wi36-UG-Flur1-1852,0,0,187
1492,tue-wi36-UG-Flur2-1852,0,0,187
1493,tue-wi36-UG-rU23-2702,0,0,187
1494,tue-wi5-1OG-Flur1-2702,0,0,188
1495,tue-wi5-1OG-Flur2-2702,0,0,188
1496,tue-wi5-1OG-Halle-2702,0,0,188
1497,tue-wi5-1OG-r117-2702,0,0,188
1498,tue-wi5-2OG-Flur1-2702,2,2,188
1499,tue-wi5-2OG-Flur2-2702,0,0,188
1500,tue-wi5-EG-Flur-2702,0,0,188
1501,tue-wi5-EG-FlurAnbau-2702,0,0,188
1502,tue-wi5-EG-FlurKopierer-2702,2,2,188
1503,tue-wi5-EG-r002-2702,0,0,188
1504,tue-wi5-EG-r003-2702,0,0,188
1505,tue-wi50-1OG-Bib-Eing-re-2702,0,0,189
1506,tue-wi50-1OG-Bib-hi-links-2702,1,1,189
1507,tue-wi50-1OG-Bib-Infotheke-2702,0,0,189
1508,tue-wi50-1OG-Bibl-Eingang-2702,0,0,189
1509,tue-wi50-1OG-Bib-vo-rechts-2702,0,0,189
1510,tue-wi50-1OG-Flur128G-2702,0,0,189
1511,tue-wi50-1OG-Liegewiese-2702,0,0,189
1512,tue-wi50-1OG-r106-2702,0,0,189
1513,tue-wi50-1OG-r107-2702,0,0,189
1514,tue-wi50-1OG-r119-272,0,0,189
1515,tue-wi50-1OG-r127-2702,0,0,189
1516,tue-wi50-1OG-r128b-2702,0,0,189
1517,tue-wi50-1OG-vor-r120-2702,0,0,189
1518,tue-wi50-1OG-vor-r130A-2702,0,0,189
1519,tue-wi50-1OG-vor-r135-2702,0,0,189
1520,tue-wi50-1OG-vor-r138-2702,0,0,189
1521,tue-wi50-2OG-Flur-r228-2702,0,0,189
1522,tue-wi50-2OG-Flur-r265-2702,2,2,189
1523,tue-wi50-2OG-hi-links-2702,0,0,189
1524,tue-wi50-2OG-r206-2702,0,0,189
1525,tue-wi50-2OG-r215-2702,0,0,189
1526,tue-wi50-2OG-r226-2702,0,0,189
1527,tue-wi50-2OG-r263-Flur-2702,0,0,189
1528,tue-wi50-2OG-r272-2702,2,2,189
1529,tue-wi50-2OG-r272c-2702,0,0,189
1530,tue-wi50-2OG-vo-links-2702,0,0,189
1531,tue-wi50-2OG-vo-Mitte-2702,0,0,189
1532,tue-wi50-2OG-vo-rechts-2702,0,0,189
1533,tue-wi50-2OG-Zeitschriftenzi-2702,0,0,189
1534,tue-wi50-3OG-Flur-r334-2702,0,0,189
1535,tue-wi50-3OG-Flur-r339-2702,0,0,189
1536,tue-wi50-3OG-Flur-r345-2702,1,1,189
1537,tue-wi50-3OG-Flur-r350-2702,0,0,189
1538,tue-wi50-3OG-Flur-r356-2702,0,0,189
1539,tue-wi50-3OG-Flur-r362-2702,1,1,189
1540,tue-wi50-3OG-Flur-r367-2702,0,0,189
1541,tue-wi50-3OG-r313-2702,0,0,189
1542,tue-wi50-3OG-r315-2702,0,0,189
1543,tue-wi50-3OG-r327-2702,0,0,189
1544,tue-wi50-4OG-Flur-r412-2702,1,1,189
1545,tue-wi50-4OG-Flur-r435-2702,0,0,189
1546,tue-wi50-4OG-Flur-r440-2702,0,0,189
1547,tue-wi50-4OG-flur-r444-2702,0,0,189
1548,tue-wi50-4OG-Flur-r451-2702,0,0,189
1549,tue-wi50-4OG-Flur-r464-2702,0,0,189
1550,tue-wi50-4OG-Flur-r468-2702,1,1,189
1551,tue-wi50-4OG-r414-2702,0,0,189
1552,tue-wi50-4OG-r416-2702,0,0,189
1553,tue-wi50-4OG-r418-2702,0,0,189
1554,tue-wi50-5OG-Flur-r536-2702,0,0,189
1555,tue-wi50-5OG-Flur-r542-2702,0,0,189
1556,tue-wi50-5OG-Flur-r550-2702,0,0,189
1557,tue-wi50-5OG-Flur-r558-2702,0,0,189
1558,tue-wi50-5OG-r514-2702,1,1,189
1559,tue-wi50-EG-Cafeteria-hinten-2702,0,0,189
1560,tue-wi50-EG-Cafeteria-vo-2702,0,0,189
1561,tue-wi50-EG-r006-2702,0,0,189
1562,tue-wi50-EG-r015-2702,0,0,189
1563,tue-wi50-EG-r019-2702,2,2,189
1564,tue-wi50-EG-r027-2702,0,0,189
1565,tue-wi50-EG-r030-2702,0,0,189
1566,tue-wi50-EG-r032-2702,0,0,189
1567,tue-wi50-EG-r036-1-2702,0,0,189
1568,tue-wi50-EG-r036-2-2702,0,0,189
1569,tue-wi50-EG-r037-1-2702,0,0,189
1570,tue-wi50-EG-r037-2-2702,0,0,189
1571,tue-wi50-EG-r038d-2702,0,0,189
1572,tue-wi50-EG-vor-r12-2702,0,0,189
1573,tue-wi50-UG-rU02-2702,0,0,189
1574,tue-wi50-UG-rU07-2702,2,2,189
1575,tue-wi56-EG-r148-1131,0,0,190
1576,tue-wi9-1OG-r100-2702,0,0,191
1577,tue-wi9-1OG-r100c-2702,3,3,191
1578,tue-wi9-1OG-r109b-2702,1,1,191
1579,tue-wi9-EG-r1d-2702,1,1,191
1580,tue-wi9-EG-r22-2702,0,0,191
1581,tue-wi9-EG-r7-2702,1,1,191
1582,tue-wi9-na2-EG-r3-2702,0,0,191
1583,tue-wi90-1OG-r108-1142,0,0,192
1584,tue-wi90-2OG-r206-1142,0,0,192
1585,tue-wi90-EG-r002-1142,160,160,192
1586,tue-wi90-EG-r006-1142,0,0,192